{
  "best_val_auc": 0.9866666666666667,
  "test_auc": 0.8977777777777778,
  "test_aupr": 0.845996171584407
}